direction,time_s,time_min,time_hour,signal,detrended_amplitude,prominence
downward,12096.351001,201.6058500166667,3.360097500277778,-0.432259,-0.013595999999999997,0.014246000000000036
upward,8825.467001,147.09111668333335,2.451518611388889,-0.41824,0.0006809999999999872,0.014176999999999995
downward,5173.138,86.21896666666666,1.4369827777777777,-0.433316,-0.013496000000000008,0.014089000000000018
upward,11154.472001,185.90786668333334,3.098464444722222,-0.418655,0.0006379999999999719,0.01406799999999997
downward,9275.914001,154.59856668333333,2.576642778055555,-0.433112,-0.013429999999999997,0.01406799999999997
downward,7896.152,131.60253333333333,2.1933755555555554,-0.434121,-0.01348100000000002,0.014063000000000048
upward,7199.881,119.99801666666667,1.9999669444444446,-0.419491,0.0005820000000000269,0.014063000000000048
upward,1384.421,23.073683333333335,0.3845613888888889,-0.419293,0.0005930000000000102,0.014003000000000043
downward,942.208,15.703466666666666,0.2617244444444444,-0.433401,-0.013410000000000033,0.013896999999999993
downward,6517.893,108.63155,1.8105258333333334,-0.433172,-0.013288999999999995,0.013847999999999971
upward,5805.184,96.75306666666667,1.6125511111111113,-0.419382,0.0005589999999999762,0.013847999999999971
downward,13492.826001,224.88043335,3.7480072225,-0.431922,-0.01344200000000001,0.01377600000000001
upward,12242.469001,204.04115001666665,3.400685833611111,-0.418311,0.00033400000000000096,0.01377600000000001
upward,4122.467,68.70778333333332,1.145129722222222,-0.419268,0.0004189999999999472,0.013757999999999992
downward,3784.614,63.0769,1.0512816666666667,-0.433103,-0.013339000000000045,0.013757999999999992
upward,10673.463001,177.89105001666667,2.964850833611111,-0.419095,0.0004950000000000232,0.013748000000000038
downward,10684.186001,178.06976668333334,2.967829444722222,-0.432902,-0.013253000000000015,0.013748000000000038
upward,2500.46,41.67433333333334,0.6945722222222223,-0.419234,0.00022500000000003073,0.013390999999999986
downward,2383.214,39.72023333333333,0.6620038888888888,-0.432524,-0.013165999999999956,0.013390999999999986
upward,13732.995001,228.88325001666666,3.814720833611111,-0.417522,0.0006500000000000394,0.009334000000000064
upward,9682.353001,161.37255001666665,2.6895425002777777,-0.419497,0.0004350000000000187,0.009170000000000011
downward,10040.569001,167.34281668333333,2.789046944722222,-0.428614,-0.008734999999999993,0.009170000000000011
downward,10990.851001,183.18085001666668,3.0530141669444446,-0.428514,-0.008861000000000008,0.009122000000000019
upward,10935.497001,182.25828335,3.0376380558333334,-0.419346,0.0002610000000000112,0.009122000000000019
upward,13482.911001,224.71518335000002,3.7452530558333335,-0.418106,0.00028000000000000247,0.009091000000000016
downward,12868.101001,214.46835001666668,3.574472500277778,-0.427718,-0.008811000000000013,0.009091000000000016
downward,11942.477001,199.04128335,3.3173547224999997,-0.427673,-0.008720999999999979,0.009085999999999983
upward,11995.450001,199.9241666833333,3.332069444722222,-0.418489,0.0003650000000000042,0.009085999999999983
downward,5470.959,91.18265,1.5197108333333333,-0.428756,-0.008668999999999982,0.009078999999999948
upward,5281.927,88.03211666666667,1.4672019444444444,-0.419638,0.00040999999999996595,0.009078999999999948
upward,7388.948,123.14913333333334,2.0524855555555557,-0.419605,0.0005040000000000044,0.009041000000000021
downward,7292.369,121.53948333333332,2.0256580555555557,-0.428716,-0.008537000000000017,0.009041000000000021
upward,886.644,14.7774,0.24629,-0.419384,0.0004149999999999987,0.008992
downward,761.289,12.68815,0.21146916666666665,-0.428259,-0.008577000000000001,0.008992
upward,7963.963,132.73271666666668,2.2122119444444444,-0.420463,0.00017600000000000948,0.00897500000000001
downward,8187.540001,136.45900001666666,2.2743166669444443,-0.429394,-0.008799000000000001,0.00897500000000001
upward,6418.629,106.97715,1.7829525,-0.419578,0.00033400000000000096,0.008957000000000048
downward,6367.945,106.13241666666666,1.768873611111111,-0.428552,-0.008623000000000047,0.008957000000000048
downward,4532.171,75.53618333333334,1.258936388888889,-0.428429,-0.008640000000000037,0.008910000000000029
upward,4758.443,79.30738333333333,1.3217897222222224,-0.41911,0.00026999999999999247,0.008910000000000029
downward,13823.814001,230.39690001666668,3.8399483336111113,-0.427243,-0.008684000000000025,0.008882000000000001
upward,3734.378,62.23963333333334,1.0373272222222223,-0.419518,0.00017699999999998273,0.008863999999999983
downward,3592.972,59.88286666666667,0.9980477777777779,-0.428447,-0.008687,0.008863999999999983
upward,3266.067,54.43445,0.9072408333333334,-0.419776,0.00021299999999996322,0.008801000000000003
downward,2665.172,44.419533333333334,0.7403255555555556,-0.428655,-0.00858800000000004,0.008801000000000003
downward,1700.889,28.348149999999997,0.47246916666666666,-0.42821,-0.008288000000000018,0.008660000000000057
upward,2336.447,38.940783333333336,0.6490130555555556,-0.41886,0.00037200000000003897,0.008660000000000057
upward,9258.386001,154.30643335000002,2.571773889166667,-0.419451,0.00015900000000002024,0.008653000000000022
downward,9125.780001,152.09633334999998,2.5349388891666664,-0.427928,-0.008494000000000002,0.008653000000000022
upward,13946.633001,232.44388335,3.8740647225,-0.418608,0.00012499999999998623,0.001697000000000004
downward,14060.428001,234.34046668333335,3.9056744447222225,-0.421297,-0.0015720000000000178,0.001697000000000004
downward,1589.265,26.487750000000002,0.44146250000000004,-0.421947,-0.00042799999999998395,0.0009219999999999784
upward,1686.341,28.10568333333333,0.4684280555555555,-0.419393,0.0004939999999999944,0.0009219999999999784
downward,7545.819,125.76365000000001,2.0960608333333335,-0.420738,-0.0003790000000000182,0.0008550000000000502
upward,7799.961,129.99935,2.1666558333333334,-0.419948,0.00047600000000003195,0.0008550000000000502
upward,1111.036,18.517266666666668,0.3086211111111111,-0.41952,0.0004830000000000112,0.0006970000000000032
downward,1178.112,19.6352,0.32725333333333334,-0.420261,-0.00021399999999999197,0.0006970000000000032
upward,6329.85,105.4975,1.7582916666666668,-0.419464,0.0004899999999999904,0.0006820000000000159
downward,6029.175,100.48625,1.6747708333333333,-0.420397,-0.00019200000000002548,0.0006820000000000159
downward,5908.48,98.47466666666666,1.6412444444444443,-0.420131,-8.999999999997899e-05,0.0006459999999999799
upward,5954.913,99.24855,1.6541424999999998,-0.419566,0.0005560000000000009,0.0006459999999999799
upward,10439.942001,173.99903335,2.8999838891666667,-0.419062,0.00041200000000002346,0.0006340000000000234
downward,10535.962001,175.59936668333333,2.9266561113888887,-0.419583,-0.00022199999999999998,0.0006340000000000234
upward,292.075,4.867916666666667,0.08113194444444444,-0.419308,0.0004869999999999597,0.0006259999999999599
upward,5647.929,94.13215,1.5688691666666668,-0.419386,0.00047000000000002595,0.0006130000000000302
downward,5771.705,96.19508333333333,1.6032513888888889,-0.420031,-0.00014300000000000423,0.0006130000000000302
downward,8623.637001,143.72728335,2.3954547225,-0.420408,-0.00019299999999999873,0.0006029999999999647
upward,8260.910001,137.68183335,2.2946972225,-0.420179,0.00040999999999996595,0.0006029999999999647
upward,6883.628,114.72713333333333,1.9121188888888887,-0.419584,0.00040800000000001946,0.0005820000000000269
downward,7138.14,118.96900000000001,1.9828166666666667,-0.420232,-0.00017400000000000748,0.0005820000000000269
downward,6266.662,104.44436666666667,1.7407394444444446,-0.420119,-7.500000000004725e-05,0.0005590000000000317
upward,6125.353,102.08921666666667,1.7014869444444445,-0.419569,0.00048399999999998444,0.0005590000000000317
downward,5605.479,93.42465,1.5570775000000001,-0.420525,-0.0003950000000000342,0.0005430000000000157
upward,5550.637,92.51061666666666,1.5418436111111111,-0.419921,0.00014799999999998148,0.0005430000000000157
downward,9427.355001,157.12258334999999,2.6187097225,-0.421206,-0.00024399999999996647,0.0005359999999999809
upward,9348.639001,155.81065001666667,2.5968441669444444,-0.419487,0.00029200000000001447,0.0005359999999999809
upward,8979.587001,149.65978335,2.4943297225,-0.418437,0.0003489999999999882,0.0004979999999999984
downward,8863.645001,147.72741668333336,2.462123611388889,-0.418995,-0.00014900000000001024,0.0004979999999999984
upward,4481.053,74.68421666666667,1.2447369444444445,-0.419568,0.000138000000000027,0.0004810000000000647
downward,4332.67,72.21116666666667,1.2035194444444444,-0.420047,-0.0003430000000000377,0.0004810000000000647
upward,11478.078001,191.30130001666666,3.188355000277778,-0.41844,0.00035000000000001696,0.0004670000000000507
downward,11253.643001,187.56071668333334,3.1260119447222223,-0.419481,-0.00011700000000003374,0.0004670000000000507
downward,250.17,4.1695,0.06949166666666666,-0.419873,-0.00013900000000000023,0.00045600000000001195
downward,7774.127,129.56878333333333,2.159479722222222,-0.420512,-3.700000000000925e-05,0.0004410000000000247
upward,7715.798,128.59663333333333,2.1432772222222223,-0.420028,0.00040400000000001546,0.0004410000000000247
upward,6693.681,111.56134999999999,1.8593558333333333,-0.419723,0.00026799999999999047,0.00042199999999997795
downward,6789.701,113.16168333333333,1.8860280555555555,-0.420225,-0.00015399999999998748,0.00042199999999997795
upward,7285.399,121.42331666666668,2.0237219444444445,-0.419676,0.0004009999999999847,0.0004190000000000027
upward,11558.338001,192.63896668333334,3.2106494447222222,-0.418754,0.0002909999999999857,0.00041200000000002346
downward,11530.210001,192.17016668333332,3.202836111388889,-0.419135,-0.00012100000000003774,0.00041200000000002346
downward,10172.145001,169.53575001666667,2.825595833611111,-0.419923,-0.000140000000000029,0.00040200000000006897
upward,10110.877001,168.51461668333334,2.8085769447222226,-0.419562,0.00026200000000004,0.00040200000000006897
downward,13679.367001,227.98945001666667,3.7998241669444446,-0.419272,-0.0003049999999999997,0.0004009999999999847
upward,13642.946001,227.38243335,3.7897072225,-0.418163,9.599999999998499e-05,0.0004009999999999847
upward,109.767,1.82945,0.03049083333333333,-0.419508,0.0003170000000000117,0.0003950000000000342
downward,7860.202,131.00336666666666,2.1833894444444444,-0.420598,-9.699999999995823e-05,0.00038399999999993994
upward,7875.092,131.25153333333333,2.1875255555555553,-0.420274,0.0002869999999999817,0.00038399999999993994
upward,699.796,11.663266666666667,0.1943877777777778,-0.419351,0.000246000000000024,0.0003790000000000182
downward,448.252,7.470866666666667,0.12451444444444444,-0.419799,-0.00013299999999999423,0.0003790000000000182
